{
  "feature_names": [
    "Home_Win_Pct",
    "Home_PPG",
    "Home_OPP_PPG",
    "Home_Net_PPG",
    "Away_Win_Pct",
    "Away_PPG",
    "Away_OPP_PPG",
    "Away_Net_PPG",
    "Win_Pct_Diff",
    "PPG_Diff",
    "OPP_PPG_Diff",
    "Net_PPG_Diff",
    "Home_Win_Pct_Home",
    "Home_PPG_Home",
    "Home_OPP_PPG_Home",
    "Home_Net_PPG_Home",
    "Away_Win_Pct_Away",
    "Away_PPG_Away",
    "Away_OPP_PPG_Away",
    "Away_Net_PPG_Away",
    "Win_Pct_Home_Away_Diff",
    "PPG_Home_Away_Diff",
    "OPP_PPG_Home_Away_Diff",
    "Net_PPG_Home_Away_Diff",
    "Time_Decay_Home_Win_Pct",
    "Time_Decay_Home_PPG",
    "Time_Decay_Home_OPP_PPG",
    "Time_Decay_Home_Net_PPG",
    "Time_Decay_Away_Win_Pct",
    "Time_Decay_Away_PPG",
    "Time_Decay_Away_OPP_PPG",
    "Time_Decay_Away_Net_PPG",
    "Time_Decay_Win_Pct_Diff",
    "Time_Decay_PPG_Diff",
    "Time_Decay_OPP_PPG_Diff",
    "Time_Decay_Net_PPG_Diff",
    "Day_of_Season",
    "Home_Rest_Days",
    "Home_Game_Freq",
    "Away_Rest_Days",
    "Away_Game_Freq",
    "Rest_Days_Diff",
    "Game_Freq_Diff"
  ],
  "mean": [
    0.5075976394284204,
    102.20394290589633,
    101.9799755631425,
    0.22396734275341604,
    0.5109656479226106,
    102.27123627887089,
    101.94462550237294,
    0.32661077649786746,
    -0.003368008494186329,
    -0.06729337297461084,
    0.03535006076983971,
    -0.10264343374445048,
    0.5906607165284317,
    103.61758407191044,
    100.5711224129641,
    3.046461658947232,
    0.416211572361135,
    100.85512978340704,
    103.37443773315042,
    -2.519307949743351,
    0.1744491441673022,
    2.7750158091535724,
    -2.794833063941122,
    5.56984887309467,
    0.5049910830964708,
    102.61765289040389,
    102.47662650835103,
    0.1410263820516752,
    0.5114134348892004,
    102.76655051985871,
    102.42778524446283,
    0.3387652753960345,
    -0.006422351792730673,
    -0.1488976294555429,
    0.04884126388881555,
    -0.19773889334436015,
    91.93092728190885,
    2.5434288599924253,
    -1.2413521020073062,
    2.3179522787526827,
    -1.1442578798973049,
    0.22547658123974246,
    -0.0970942221100036
  ],
  "std": [
    0.18092118970655446,
    8.393563375469254,
    8.286811680468325,
    5.346229950885501,
    0.18064317862932475,
    8.400790149194176,
    8.282728690480816,
    5.348778485632898,
    0.2516983031809819,
    6.719601847175103,
    6.553474569597893,
    7.450313377956235,
    0.2190005780876325,
    8.638858756465218,
    8.799128250687243,
    6.18598278611389,
    0.2072226504334754,
    8.775423065188058,
    8.376621580981118,
    5.783453456641824,
    0.2935840732760181,
    7.445545951931633,
    7.29830932635974,
    8.224265167715602,
    0.20821300867987413,
    8.817945958190199,
    8.784516304424585,
    6.105449024754997,
    0.2084014813575225,
    8.848202821491997,
    8.789695945188923,
    6.131053105263448,
    0.29488934162513125,
    7.698520480389269,
    7.66249837314507,
    8.671437260478775,
    55.97553663940259,
    5.6732428951955205,
    1.9237437013066683,
    5.569280373308678,
    1.9364000449485717,
    1.5722228578660788,
    1.7105352676679524
  ]
}