{
  "args": {
    "epochs": 15,
    "batch_size": 64,
    "l2_lr": 1e-05,
    "l3_lr": 3e-05,
    "l4_lr": 0.0001,
    "weight_decay": 0.0001,
    "grad_clip": 1.0,
    "patience": 8,
    "seed": 42,
    "train_seasons": "2017-2018,2022-2023",
    "val_season": "2023-2024",
    "test_season": "2024-2025",
    "ats_ramp_start": 1,
    "ats_ramp_epochs": 5,
    "w_ats": 0.15
  },
  "baseline_val": {
    "spread_mae": 10.012283325195312,
    "total_mae": 99.07256317138672,
    "win_acc": 0.6790591805766313,
    "win_auc": 0.7373135089874268,
    "ece": 0.02549736217591397,
    "mean_sigma": 11.864485740661621,
    "n_games": 1318
  },
  "baseline_val_ats": {
    "ats_pct": 0.6260733801717409,
    "ats_correct": 802,
    "ats_total": 1281,
    "roi": 19.523099850968705,
    "ats_head_pct": 0.4839968774395004,
    "ats_head_correct": 620,
    "ats_head_roi": -7.600596125186292
  },
  "baseline_test": {
    "spread_mae": 10.783980369567871,
    "total_mae": 97.04499053955078,
    "win_acc": 0.6378787878787879,
    "win_auc": 0.7174652814865112,
    "ece": 0.03403192025919756,
    "mean_sigma": 11.397107124328613,
    "n_games": 1320
  },
  "baseline_test_ats": {
    "ats_pct": 0.5954545454545455,
    "ats_correct": 786,
    "ats_total": 1320,
    "roi": 13.677685950413224,
    "ats_head_pct": 0.5128787878787879,
    "ats_head_correct": 677,
    "ats_head_roi": -2.0867768595041336
  },
  "best_epoch": 4,
  "decompression": {
    "pred_mean": 2.580348014831543,
    "scale": 1.8140997886657715,
    "target_std": 14.39692211151123
  },
  "test_results": {
    "a_baseline": {
      "label": "Baseline",
      "mae": 10.783980369567871,
      "auc": 0.7174652814865112,
      "win_acc": 0.6378787878787879,
      "ats_pct": 0.5954545454545455,
      "ats_correct": 786,
      "ats_total": 1320,
      "roi": 13.677685950413224,
      "ats_head_pct": null,
      "ats_head_roi": null,
      "n_games": 1320
    },
    "b_ats_finetuned": {
      "label": "ATS-finetuned",
      "mae": 10.523859024047852,
      "auc": 0.7205995321273804,
      "win_acc": 0.6416666666666667,
      "ats_pct": 0.6098484848484849,
      "ats_correct": 805,
      "ats_total": 1320,
      "roi": 16.42561983471074,
      "ats_head_pct": 0.6439393939393939,
      "ats_head_roi": 22.933884297520652,
      "n_games": 1320
    },
    "c_ats_decompressed": {
      "label": "ATS+Decompress",
      "mae": 10.724400520324707,
      "auc": 0.7205995321273804,
      "win_acc": 0.6416666666666667,
      "ats_pct": 0.6416666666666667,
      "ats_correct": 847,
      "ats_total": 1320,
      "roi": 22.5,
      "ats_head_pct": 0.6439393939393939,
      "ats_head_roi": 22.933884297520652,
      "n_games": 1320
    }
  },
  "val_results": {
    "ats_finetuned": {
      "label": "Val ATS-finetuned",
      "mae": 9.883235931396484,
      "auc": 0.7353248000144958,
      "win_acc": 0.665402124430956,
      "ats_pct": 0.6463700234192038,
      "ats_correct": 828,
      "ats_total": 1281,
      "roi": 23.397913561847982,
      "ats_head_pct": 0.6440281030444965,
      "ats_head_roi": 22.950819672131146,
      "n_games": 1318
    },
    "ats_decompressed": {
      "label": "Val ATS+Decompress",
      "mae": 11.061378479003906,
      "auc": 0.7353248000144958,
      "win_acc": 0.665402124430956,
      "ats_pct": 0.6502732240437158,
      "ats_correct": 833,
      "ats_total": 1281,
      "roi": 24.143070044709383,
      "ats_head_pct": 0.6440281030444965,
      "ats_head_roi": 22.950819672131146,
      "n_games": 1318
    }
  },
  "history": [
    {
      "epoch": 1,
      "train_losses": {
        "total_loss": 5.723479699280302,
        "spread": 3.751569315538568,
        "win": 0.5901268046286147,
        "total": 5.982197175591679,
        "consistency": 0.002131361276566414,
        "ats": 0.668871801788524,
        "combined": 5.743545851464999
      },
      "val_losses": {
        "total_loss": 5.820523489089239,
        "spread": 3.837771415710449,
        "win": 0.5981611850715819,
        "total": 6.0104246366591685,
        "consistency": 0.0017628132537495169
      },
      "val_metrics": {
        "spread_mae": 9.956300735473633,
        "total_mae": 94.2923355102539,
        "win_acc": 0.665402124430956,
        "win_auc": 0.7387096881866455,
        "ece": 0.04427475903935064,
        "mean_sigma": 11.982879638671875,
        "n_games": 1318
      },
      "val_ats": {
        "ats_pct": 0.6416861826697893,
        "ats_correct": 822,
        "ats_total": 1281,
        "roi": 22.503725782414303,
        "ats_head_pct": 0.639344262295082,
        "ats_head_correct": 819,
        "ats_head_roi": 22.056631892697467
      },
      "w_ats": 0.03,
      "l2_drift": 0.00022063932451719552,
      "time_s": 10.342307567596436
    },
    {
      "epoch": 2,
      "train_losses": {
        "total_loss": 5.699938087140099,
        "spread": 3.7469498484821644,
        "win": 0.5872462384276471,
        "total": 5.92209889525074,
        "consistency": 0.0018464930018141739,
        "ats": 0.6316308273097216,
        "combined": 5.737835944709131
      },
      "val_losses": {
        "total_loss": 5.80057498386928,
        "spread": 3.8420513357434953,
        "win": 0.5965832273165385,
        "total": 5.931308269500732,
        "consistency": 0.0015615932892874948
      },
      "val_metrics": {
        "spread_mae": 10.104445457458496,
        "total_mae": 87.96998596191406,
        "win_acc": 0.6729893778452201,
        "win_auc": 0.7368813753128052,
        "ece": 0.03555256618421428,
        "mean_sigma": 12.22374153137207,
        "n_games": 1318
      },
      "val_ats": {
        "ats_pct": 0.6276346604215457,
        "ats_correct": 804,
        "ats_total": 1281,
        "roi": 19.82116244411326,
        "ats_head_pct": 0.6502732240437158,
        "ats_head_correct": 833,
        "ats_head_roi": 24.143070044709383
      },
      "w_ats": 0.06,
      "l2_drift": 0.00039105419200038667,
      "time_s": 10.459832191467285
    },
    {
      "epoch": 3,
      "train_losses": {
        "total_loss": 5.678949230808323,
        "spread": 3.742177516727124,
        "win": 0.5831996619196261,
        "total": 5.872084500425953,
        "consistency": 0.0018641206216840546,
        "ats": 0.6148314991239774,
        "combined": 5.734284085742498
      },
      "val_losses": {
        "total_loss": 5.790996710459392,
        "spread": 3.841435580026536,
        "win": 0.5986443445796058,
        "total": 5.899408953530448,
        "consistency": 0.001450746500354615
      },
      "val_metrics": {
        "spread_mae": 9.984070777893066,
        "total_mae": 84.6650619506836,
        "win_acc": 0.6729893778452201,
        "win_auc": 0.7343443632125854,
        "ece": 0.019068799121517332,
        "mean_sigma": 11.616168975830078,
        "n_games": 1318
      },
      "val_ats": {
        "ats_pct": 0.6370023419203747,
        "ats_correct": 816,
        "ats_total": 1281,
        "roi": 21.60953800298062,
        "ats_head_pct": 0.6697892271662763,
        "ats_head_correct": 858,
        "ats_head_roi": 27.86885245901639
      },
      "w_ats": 0.09,
      "l2_drift": 0.0005541896325073171,
      "time_s": 10.465269565582275
    },
    {
      "epoch": 4,
      "train_losses": {
        "total_loss": 5.660432193238856,
        "spread": 3.7384430857027993,
        "win": 0.5827714672028008,
        "total": 5.823307126255359,
        "consistency": 0.001654307081727153,
        "ats": 0.6100897826885773,
        "combined": 5.733642978183294
      },
      "val_losses": {
        "total_loss": 5.793916089194162,
        "spread": 3.8575944219316756,
        "win": 0.6028330467996144,
        "total": 5.851198786780948,
        "consistency": 0.0011204207257833332
      },
      "val_metrics": {
        "spread_mae": 9.883235931396484,
        "total_mae": 80.4236068725586,
        "win_acc": 0.665402124430956,
        "win_auc": 0.7353248000144958,
        "ece": 0.04074397623222406,